IMG/center_2021_03_21_13_47_49_235.jpg,IMG/left_2021_03_21_13_47_49_235.jpg,IMG/right_2021_03_21_13_47_49_235.jpg,-0.6603773,1,0,5.262841
IMG/center_2021_03_21_13_47_49_305.jpg,IMG/left_2021_03_21_13_47_49_305.jpg,IMG/right_2021_03_21_13_47_49_305.jpg,-0.5566038,1,0,5.955264
IMG/center_2021_03_21_13_47_49_378.jpg,IMG/left_2021_03_21_13_47_49_378.jpg,IMG/right_2021_03_21_13_47_49_378.jpg,-0.2830189,1,0,6.881208
IMG/center_2021_03_21_13_47_49_447.jpg,IMG/left_2021_03_21_13_47_49_447.jpg,IMG/right_2021_03_21_13_47_49_447.jpg,-0.1886793,1,0,7.567837
IMG/center_2021_03_21_13_47_49_519.jpg,IMG/left_2021_03_21_13_47_49_519.jpg,IMG/right_2021_03_21_13_47_49_519.jpg,-0.1603774,1,0,8.475316
IMG/center_2021_03_21_13_47_49_590.jpg,IMG/left_2021_03_21_13_47_49_590.jpg,IMG/right_2021_03_21_13_47_49_590.jpg,-0.01886792,1,0,9.371914
IMG/center_2021_03_21_13_47_49_661.jpg,IMG/left_2021_03_21_13_47_49_661.jpg,IMG/right_2021_03_21_13_47_49_661.jpg,-0.01886792,1,0,10.04076
IMG/center_2021_03_21_13_47_49_732.jpg,IMG/left_2021_03_21_13_47_49_732.jpg,IMG/right_2021_03_21_13_47_49_732.jpg,-0.01886792,1,0,10.92714
IMG/center_2021_03_21_13_47_49_803.jpg,IMG/left_2021_03_21_13_47_49_803.jpg,IMG/right_2021_03_21_13_47_49_803.jpg,-0.02830189,1,0,11.68579
IMG/center_2021_03_21_13_47_49_874.jpg,IMG/left_2021_03_21_13_47_49_874.jpg,IMG/right_2021_03_21_13_47_49_874.jpg,-0.09433963,1,0,12.49717
IMG/center_2021_03_21_13_47_49_944.jpg,IMG/left_2021_03_21_13_47_49_944.jpg,IMG/right_2021_03_21_13_47_49_944.jpg,-0.1320755,1,0,13.13301
IMG/center_2021_03_21_13_47_50_016.jpg,IMG/left_2021_03_21_13_47_50_016.jpg,IMG/right_2021_03_21_13_47_50_016.jpg,-0.1603774,1,0,13.92132
IMG/center_2021_03_21_13_47_50_085.jpg,IMG/left_2021_03_21_13_47_50_085.jpg,IMG/right_2021_03_21_13_47_50_085.jpg,-0.1792453,1,0,14.62189
IMG/center_2021_03_21_13_47_50_158.jpg,IMG/left_2021_03_21_13_47_50_158.jpg,IMG/right_2021_03_21_13_47_50_158.jpg,-0.1792453,1,0,15.4713
IMG/center_2021_03_21_13_47_50_229.jpg,IMG/left_2021_03_21_13_47_50_229.jpg,IMG/right_2021_03_21_13_47_50_229.jpg,-0.1792453,1,0,16.04707
IMG/center_2021_03_21_13_47_50_301.jpg,IMG/left_2021_03_21_13_47_50_301.jpg,IMG/right_2021_03_21_13_47_50_301.jpg,-0.1603774,1,0,16.89771
IMG/center_2021_03_21_13_47_50_370.jpg,IMG/left_2021_03_21_13_47_50_370.jpg,IMG/right_2021_03_21_13_47_50_370.jpg,-0.03773585,1,0,17.74615
IMG/center_2021_03_21_13_47_50_441.jpg,IMG/left_2021_03_21_13_47_50_441.jpg,IMG/right_2021_03_21_13_47_50_441.jpg,-0.03773585,1,0,18.37362
IMG/center_2021_03_21_13_47_50_511.jpg,IMG/left_2021_03_21_13_47_50_511.jpg,IMG/right_2021_03_21_13_47_50_511.jpg,-0.03773585,1,0,19.1943
IMG/center_2021_03_21_13_47_50_582.jpg,IMG/left_2021_03_21_13_47_50_582.jpg,IMG/right_2021_03_21_13_47_50_582.jpg,-0.04716982,1,0,19.81009
IMG/center_2021_03_21_13_47_50_655.jpg,IMG/left_2021_03_21_13_47_50_655.jpg,IMG/right_2021_03_21_13_47_50_655.jpg,-0.2169811,1,0,20.60424
IMG/center_2021_03_21_13_47_50_724.jpg,IMG/left_2021_03_21_13_47_50_724.jpg,IMG/right_2021_03_21_13_47_50_724.jpg,-0.2264151,1,0,21.18665
IMG/center_2021_03_21_13_47_50_796.jpg,IMG/left_2021_03_21_13_47_50_796.jpg,IMG/right_2021_03_21_13_47_50_796.jpg,-0.2264151,1,0,21.97097
IMG/center_2021_03_21_13_47_50_866.jpg,IMG/left_2021_03_21_13_47_50_866.jpg,IMG/right_2021_03_21_13_47_50_866.jpg,-0.245283,1,0,22.56512
IMG/center_2021_03_21_13_47_50_939.jpg,IMG/left_2021_03_21_13_47_50_939.jpg,IMG/right_2021_03_21_13_47_50_939.jpg,-0.2830189,1,0,23.33244
IMG/center_2021_03_21_13_47_51_008.jpg,IMG/left_2021_03_21_13_47_51_008.jpg,IMG/right_2021_03_21_13_47_51_008.jpg,-0.2830189,1,0,23.90508
IMG/center_2021_03_21_13_47_51_081.jpg,IMG/left_2021_03_21_13_47_51_081.jpg,IMG/right_2021_03_21_13_47_51_081.jpg,-0.03773585,1,0,24.67954
IMG/center_2021_03_21_13_47_51_149.jpg,IMG/left_2021_03_21_13_47_51_149.jpg,IMG/right_2021_03_21_13_47_51_149.jpg,0,1,0,25.24696
IMG/center_2021_03_21_13_47_51_220.jpg,IMG/left_2021_03_21_13_47_51_220.jpg,IMG/right_2021_03_21_13_47_51_220.jpg,0,1,0,26.008
IMG/center_2021_03_21_13_47_51_291.jpg,IMG/left_2021_03_21_13_47_51_291.jpg,IMG/right_2021_03_21_13_47_51_291.jpg,-0.009433962,1,0,26.76504
IMG/center_2021_03_21_13_47_51_361.jpg,IMG/left_2021_03_21_13_47_51_361.jpg,IMG/right_2021_03_21_13_47_51_361.jpg,-0.05660377,1,0,27.32947
IMG/center_2021_03_21_13_47_51_434.jpg,IMG/left_2021_03_21_13_47_51_434.jpg,IMG/right_2021_03_21_13_47_51_434.jpg,-0.1886793,1,0,28.06202
IMG/center_2021_03_21_13_47_51_504.jpg,IMG/left_2021_03_21_13_47_51_504.jpg,IMG/right_2021_03_21_13_47_51_504.jpg,-0.2358491,1,0,28.59096
IMG/center_2021_03_21_13_47_51_577.jpg,IMG/left_2021_03_21_13_47_51_577.jpg,IMG/right_2021_03_21_13_47_51_577.jpg,-0.2358491,1,0,29.30548
IMG/center_2021_03_21_13_47_51_646.jpg,IMG/left_2021_03_21_13_47_51_646.jpg,IMG/right_2021_03_21_13_47_51_646.jpg,-0.2358491,1,0,29.84355
IMG/center_2021_03_21_13_47_51_719.jpg,IMG/left_2021_03_21_13_47_51_719.jpg,IMG/right_2021_03_21_13_47_51_719.jpg,-0.2641509,1,0,30.18542
IMG/center_2021_03_21_13_47_51_789.jpg,IMG/left_2021_03_21_13_47_51_789.jpg,IMG/right_2021_03_21_13_47_51_789.jpg,-0.2641509,1,0,30.1866
IMG/center_2021_03_21_13_47_51_860.jpg,IMG/left_2021_03_21_13_47_51_860.jpg,IMG/right_2021_03_21_13_47_51_860.jpg,-0.1603774,1,0,30.19209
IMG/center_2021_03_21_13_47_51_932.jpg,IMG/left_2021_03_21_13_47_51_932.jpg,IMG/right_2021_03_21_13_47_51_932.jpg,-0.1415094,1,0,30.19164
IMG/center_2021_03_21_13_47_52_002.jpg,IMG/left_2021_03_21_13_47_52_002.jpg,IMG/right_2021_03_21_13_47_52_002.jpg,-0.1415094,0.8819833,0,30.17247
IMG/center_2021_03_21_13_47_52_074.jpg,IMG/left_2021_03_21_13_47_52_074.jpg,IMG/right_2021_03_21_13_47_52_074.jpg,-0.1415094,0.6384771,0,30.11018
IMG/center_2021_03_21_13_47_52_144.jpg,IMG/left_2021_03_21_13_47_52_144.jpg,IMG/right_2021_03_21_13_47_52_144.jpg,-0.1415094,0.4585996,0,30.06483
IMG/center_2021_03_21_13_47_52_215.jpg,IMG/left_2021_03_21_13_47_52_215.jpg,IMG/right_2021_03_21_13_47_52_215.jpg,-0.1415094,0.2123701,0,30.00274
IMG/center_2021_03_21_13_47_52_286.jpg,IMG/left_2021_03_21_13_47_52_286.jpg,IMG/right_2021_03_21_13_47_52_286.jpg,-0.1415094,0.03367418,0,29.91827
IMG/center_2021_03_21_13_47_52_358.jpg,IMG/left_2021_03_21_13_47_52_358.jpg,IMG/right_2021_03_21_13_47_52_358.jpg,-0.1320755,0,0,29.68079
IMG/center_2021_03_21_13_47_52_428.jpg,IMG/left_2021_03_21_13_47_52_428.jpg,IMG/right_2021_03_21_13_47_52_428.jpg,0,0,0,29.50211
IMG/center_2021_03_21_13_47_52_499.jpg,IMG/left_2021_03_21_13_47_52_499.jpg,IMG/right_2021_03_21_13_47_52_499.jpg,0.009433962,0,0,29.26235
IMG/center_2021_03_21_13_47_52_569.jpg,IMG/left_2021_03_21_13_47_52_569.jpg,IMG/right_2021_03_21_13_47_52_569.jpg,0.009433962,0,0,29.08507
IMG/center_2021_03_21_13_47_52_641.jpg,IMG/left_2021_03_21_13_47_52_641.jpg,IMG/right_2021_03_21_13_47_52_641.jpg,0.06603774,0,0,28.84867
IMG/center_2021_03_21_13_47_52_713.jpg,IMG/left_2021_03_21_13_47_52_713.jpg,IMG/right_2021_03_21_13_47_52_713.jpg,0.1320755,0,0,28.60207
IMG/center_2021_03_21_13_47_52_782.jpg,IMG/left_2021_03_21_13_47_52_782.jpg,IMG/right_2021_03_21_13_47_52_782.jpg,0.1320755,0,0,28.42177
IMG/center_2021_03_21_13_47_52_854.jpg,IMG/left_2021_03_21_13_47_52_854.jpg,IMG/right_2021_03_21_13_47_52_854.jpg,0.1132075,0,0,28.18797
IMG/center_2021_03_21_13_47_52_924.jpg,IMG/left_2021_03_21_13_47_52_924.jpg,IMG/right_2021_03_21_13_47_52_924.jpg,0.1037736,0,0,28.0169
IMG/center_2021_03_21_13_47_52_995.jpg,IMG/left_2021_03_21_13_47_52_995.jpg,IMG/right_2021_03_21_13_47_52_995.jpg,0.05660377,0,0,27.79233
IMG/center_2021_03_21_13_47_53_065.jpg,IMG/left_2021_03_21_13_47_53_065.jpg,IMG/right_2021_03_21_13_47_53_065.jpg,0.04716982,0,0,27.62512
IMG/center_2021_03_21_13_47_53_136.jpg,IMG/left_2021_03_21_13_47_53_136.jpg,IMG/right_2021_03_21_13_47_53_136.jpg,-0.02830189,0,0,27.40006
IMG/center_2021_03_21_13_47_53_207.jpg,IMG/left_2021_03_21_13_47_53_207.jpg,IMG/right_2021_03_21_13_47_53_207.jpg,-0.04716982,0,0,27.23219
IMG/center_2021_03_21_13_47_53_279.jpg,IMG/left_2021_03_21_13_47_53_279.jpg,IMG/right_2021_03_21_13_47_53_279.jpg,-0.06603774,0,0,27.00933
IMG/center_2021_03_21_13_47_53_348.jpg,IMG/left_2021_03_21_13_47_53_348.jpg,IMG/right_2021_03_21_13_47_53_348.jpg,-0.1037736,0,0,26.84282
IMG/center_2021_03_21_13_47_53_420.jpg,IMG/left_2021_03_21_13_47_53_420.jpg,IMG/right_2021_03_21_13_47_53_420.jpg,-0.1226415,0,0,26.6208
IMG/center_2021_03_21_13_47_53_490.jpg,IMG/left_2021_03_21_13_47_53_490.jpg,IMG/right_2021_03_21_13_47_53_490.jpg,-0.1603774,0,0,26.39475
IMG/center_2021_03_21_13_47_53_561.jpg,IMG/left_2021_03_21_13_47_53_561.jpg,IMG/right_2021_03_21_13_47_53_561.jpg,-0.1981132,0,0,26.22471
IMG/center_2021_03_21_13_47_53_633.jpg,IMG/left_2021_03_21_13_47_53_633.jpg,IMG/right_2021_03_21_13_47_53_633.jpg,-0.2735849,0,0,25.98872
IMG/center_2021_03_21_13_47_53_703.jpg,IMG/left_2021_03_21_13_47_53_703.jpg,IMG/right_2021_03_21_13_47_53_703.jpg,-0.2830189,0,0,25.8126
IMG/center_2021_03_21_13_47_53_774.jpg,IMG/left_2021_03_21_13_47_53_774.jpg,IMG/right_2021_03_21_13_47_53_774.jpg,-0.2830189,0,0,25.58915
IMG/center_2021_03_21_13_47_53_845.jpg,IMG/left_2021_03_21_13_47_53_845.jpg,IMG/right_2021_03_21_13_47_53_845.jpg,-0.254717,0,0,25.42968
IMG/center_2021_03_21_13_47_53_916.jpg,IMG/left_2021_03_21_13_47_53_916.jpg,IMG/right_2021_03_21_13_47_53_916.jpg,-0.245283,0,0,25.22413
IMG/center_2021_03_21_13_47_53_988.jpg,IMG/left_2021_03_21_13_47_53_988.jpg,IMG/right_2021_03_21_13_47_53_988.jpg,-0.1509434,0,0,25.07499
IMG/center_2021_03_21_13_47_54_058.jpg,IMG/left_2021_03_21_13_47_54_058.jpg,IMG/right_2021_03_21_13_47_54_058.jpg,-0.1320755,0,0,24.87903
IMG/center_2021_03_21_13_47_54_129.jpg,IMG/left_2021_03_21_13_47_54_129.jpg,IMG/right_2021_03_21_13_47_54_129.jpg,-0.1320755,0,0,24.73166
IMG/center_2021_03_21_13_47_54_201.jpg,IMG/left_2021_03_21_13_47_54_201.jpg,IMG/right_2021_03_21_13_47_54_201.jpg,-0.1320755,0,0,24.53511
IMG/center_2021_03_21_13_47_54_271.jpg,IMG/left_2021_03_21_13_47_54_271.jpg,IMG/right_2021_03_21_13_47_54_271.jpg,-0.05660377,0,0,24.34043
IMG/center_2021_03_21_13_47_54_340.jpg,IMG/left_2021_03_21_13_47_54_340.jpg,IMG/right_2021_03_21_13_47_54_340.jpg,0.01886792,0,0,24.19231
IMG/center_2021_03_21_13_47_54_411.jpg,IMG/left_2021_03_21_13_47_54_411.jpg,IMG/right_2021_03_21_13_47_54_411.jpg,0.01886792,0,0,23.99481
IMG/center_2021_03_21_13_47_54_483.jpg,IMG/left_2021_03_21_13_47_54_483.jpg,IMG/right_2021_03_21_13_47_54_483.jpg,0.01886792,0,0,23.84915
IMG/center_2021_03_21_13_47_54_554.jpg,IMG/left_2021_03_21_13_47_54_554.jpg,IMG/right_2021_03_21_13_47_54_554.jpg,0.01886792,0,0,23.65689
IMG/center_2021_03_21_13_47_54_624.jpg,IMG/left_2021_03_21_13_47_54_624.jpg,IMG/right_2021_03_21_13_47_54_624.jpg,0.01886792,0,0,23.51388
IMG/center_2021_03_21_13_47_54_696.jpg,IMG/left_2021_03_21_13_47_54_696.jpg,IMG/right_2021_03_21_13_47_54_696.jpg,0.01886792,0,0,23.32467
IMG/center_2021_03_21_13_47_54_766.jpg,IMG/left_2021_03_21_13_47_54_766.jpg,IMG/right_2021_03_21_13_47_54_766.jpg,0.01886792,0,0,23.18381
IMG/center_2021_03_21_13_47_54_837.jpg,IMG/left_2021_03_21_13_47_54_837.jpg,IMG/right_2021_03_21_13_47_54_837.jpg,0.01886792,0,0,22.99735
IMG/center_2021_03_21_13_47_54_907.jpg,IMG/left_2021_03_21_13_47_54_907.jpg,IMG/right_2021_03_21_13_47_54_907.jpg,0.01886792,0,0,22.8585
IMG/center_2021_03_21_13_47_54_978.jpg,IMG/left_2021_03_21_13_47_54_978.jpg,IMG/right_2021_03_21_13_47_54_978.jpg,-0.01886792,0,0,22.67446
IMG/center_2021_03_21_13_47_55_049.jpg,IMG/left_2021_03_21_13_47_55_049.jpg,IMG/right_2021_03_21_13_47_55_049.jpg,-0.04716982,0,0,22.53644
IMG/center_2021_03_21_13_47_55_121.jpg,IMG/left_2021_03_21_13_47_55_121.jpg,IMG/right_2021_03_21_13_47_55_121.jpg,-0.05660377,0,0,22.35365
IMG/center_2021_03_21_13_47_55_193.jpg,IMG/left_2021_03_21_13_47_55_193.jpg,IMG/right_2021_03_21_13_47_55_193.jpg,-0.09433963,0,0,22.17061
IMG/center_2021_03_21_13_47_55_265.jpg,IMG/left_2021_03_21_13_47_55_265.jpg,IMG/right_2021_03_21_13_47_55_265.jpg,-0.09433963,0,0,22.03434
IMG/center_2021_03_21_13_47_55_337.jpg,IMG/left_2021_03_21_13_47_55_337.jpg,IMG/right_2021_03_21_13_47_55_337.jpg,-0.1037736,0,0,21.8547
IMG/center_2021_03_21_13_47_55_407.jpg,IMG/left_2021_03_21_13_47_55_407.jpg,IMG/right_2021_03_21_13_47_55_407.jpg,-0.1037736,0,0,21.72152
IMG/center_2021_03_21_13_47_55_480.jpg,IMG/left_2021_03_21_13_47_55_480.jpg,IMG/right_2021_03_21_13_47_55_480.jpg,-0.1037736,0,0,21.54581
IMG/center_2021_03_21_13_47_55_550.jpg,IMG/left_2021_03_21_13_47_55_550.jpg,IMG/right_2021_03_21_13_47_55_550.jpg,-0.1037736,0,0,21.41522
IMG/center_2021_03_21_13_47_55_621.jpg,IMG/left_2021_03_21_13_47_55_621.jpg,IMG/right_2021_03_21_13_47_55_621.jpg,-0.1037736,0,0,21.24253
IMG/center_2021_03_21_13_47_55_740.jpg,IMG/left_2021_03_21_13_47_55_740.jpg,IMG/right_2021_03_21_13_47_55_740.jpg,-0.1037736,0,0,20.19762
IMG/center_2021_03_21_13_48_05_166.jpg,IMG/left_2021_03_21_13_48_05_166.jpg,IMG/right_2021_03_21_13_48_05_166.jpg,-0.3207547,0.0359922,0,8.327306
IMG/center_2021_03_21_13_48_05_235.jpg,IMG/left_2021_03_21_13_48_05_235.jpg,IMG/right_2021_03_21_13_48_05_235.jpg,-0.3018868,0.2732055,0,8.421838
IMG/center_2021_03_21_13_48_05_307.jpg,IMG/left_2021_03_21_13_48_05_307.jpg,IMG/right_2021_03_21_13_48_05_307.jpg,-0.1792453,0.455961,0,8.649291
IMG/center_2021_03_21_13_48_05_378.jpg,IMG/left_2021_03_21_13_48_05_378.jpg,IMG/right_2021_03_21_13_48_05_378.jpg,0.1226415,0.699582,0,9.12823
IMG/center_2021_03_21_13_48_05_448.jpg,IMG/left_2021_03_21_13_48_05_448.jpg,IMG/right_2021_03_21_13_48_05_448.jpg,0.1415094,0.879262,0,9.646253
IMG/center_2021_03_21_13_48_05_518.jpg,IMG/left_2021_03_21_13_48_05_518.jpg,IMG/right_2021_03_21_13_48_05_518.jpg,0.1603774,1,0,10.50515
IMG/center_2021_03_21_13_48_05_589.jpg,IMG/left_2021_03_21_13_48_05_589.jpg,IMG/right_2021_03_21_13_48_05_589.jpg,0.1603774,1,0,11.1662
IMG/center_2021_03_21_13_48_05_658.jpg,IMG/left_2021_03_21_13_48_05_658.jpg,IMG/right_2021_03_21_13_48_05_658.jpg,0.1603774,1,0,12.17214
IMG/center_2021_03_21_13_48_05_731.jpg,IMG/left_2021_03_21_13_48_05_731.jpg,IMG/right_2021_03_21_13_48_05_731.jpg,0.1603774,1,0,12.89476
IMG/center_2021_03_21_13_48_05_802.jpg,IMG/left_2021_03_21_13_48_05_802.jpg,IMG/right_2021_03_21_13_48_05_802.jpg,0.1603774,1,0,13.5123
IMG/center_2021_03_21_13_48_05_872.jpg,IMG/left_2021_03_21_13_48_05_872.jpg,IMG/right_2021_03_21_13_48_05_872.jpg,0.1603774,1,0,14.31108
IMG/center_2021_03_21_13_48_05_945.jpg,IMG/left_2021_03_21_13_48_05_945.jpg,IMG/right_2021_03_21_13_48_05_945.jpg,0.1603774,1,0,15.05651
IMG/center_2021_03_21_13_48_06_015.jpg,IMG/left_2021_03_21_13_48_06_015.jpg,IMG/right_2021_03_21_13_48_06_015.jpg,0.1603774,1,0,15.92927
IMG/center_2021_03_21_13_48_06_086.jpg,IMG/left_2021_03_21_13_48_06_086.jpg,IMG/right_2021_03_21_13_48_06_086.jpg,0.1415094,1,0,16.50587
IMG/center_2021_03_21_13_48_06_157.jpg,IMG/left_2021_03_21_13_48_06_157.jpg,IMG/right_2021_03_21_13_48_06_157.jpg,0.04716982,1,0,17.34873
IMG/center_2021_03_21_13_48_06_239.jpg,IMG/left_2021_03_21_13_48_06_239.jpg,IMG/right_2021_03_21_13_48_06_239.jpg,-0.1226415,1,0,18.17073
IMG/center_2021_03_21_13_48_06_310.jpg,IMG/left_2021_03_21_13_48_06_310.jpg,IMG/right_2021_03_21_13_48_06_310.jpg,-0.2358491,1,0,18.96276
IMG/center_2021_03_21_13_48_06_382.jpg,IMG/left_2021_03_21_13_48_06_382.jpg,IMG/right_2021_03_21_13_48_06_382.jpg,-0.2924528,1,0,19.55791
IMG/center_2021_03_21_13_48_06_453.jpg,IMG/left_2021_03_21_13_48_06_453.jpg,IMG/right_2021_03_21_13_48_06_453.jpg,-0.3113208,1,0,20.33932
IMG/center_2021_03_21_13_48_06_524.jpg,IMG/left_2021_03_21_13_48_06_524.jpg,IMG/right_2021_03_21_13_48_06_524.jpg,-0.3113208,1,0,20.94125
IMG/center_2021_03_21_13_48_06_595.jpg,IMG/left_2021_03_21_13_48_06_595.jpg,IMG/right_2021_03_21_13_48_06_595.jpg,-0.3113208,1,0,21.73351
IMG/center_2021_03_21_13_48_06_666.jpg,IMG/left_2021_03_21_13_48_06_666.jpg,IMG/right_2021_03_21_13_48_06_666.jpg,-0.2641509,1,0,22.31045
IMG/center_2021_03_21_13_48_06_738.jpg,IMG/left_2021_03_21_13_48_06_738.jpg,IMG/right_2021_03_21_13_48_06_738.jpg,-0.1886793,1,0,23.1074
IMG/center_2021_03_21_13_48_06_809.jpg,IMG/left_2021_03_21_13_48_06_809.jpg,IMG/right_2021_03_21_13_48_06_809.jpg,-0.1320755,1,0,23.70761
IMG/center_2021_03_21_13_48_06_879.jpg,IMG/left_2021_03_21_13_48_06_879.jpg,IMG/right_2021_03_21_13_48_06_879.jpg,-0.1132075,1,0,24.48654
IMG/center_2021_03_21_13_48_06_950.jpg,IMG/left_2021_03_21_13_48_06_950.jpg,IMG/right_2021_03_21_13_48_06_950.jpg,-0.1132075,1,0,25.2586
IMG/center_2021_03_21_13_48_07_022.jpg,IMG/left_2021_03_21_13_48_07_022.jpg,IMG/right_2021_03_21_13_48_07_022.jpg,-0.1132075,1,0,25.83287
IMG/center_2021_03_21_13_48_07_093.jpg,IMG/left_2021_03_21_13_48_07_093.jpg,IMG/right_2021_03_21_13_48_07_093.jpg,-0.1132075,1,0,26.59318
IMG/center_2021_03_21_13_48_07_164.jpg,IMG/left_2021_03_21_13_48_07_164.jpg,IMG/right_2021_03_21_13_48_07_164.jpg,-0.04716982,1,0,27.15999
IMG/center_2021_03_21_13_48_07_235.jpg,IMG/left_2021_03_21_13_48_07_235.jpg,IMG/right_2021_03_21_13_48_07_235.jpg,-0.04716982,1,0,27.90962
IMG/center_2021_03_21_13_48_07_306.jpg,IMG/left_2021_03_21_13_48_07_306.jpg,IMG/right_2021_03_21_13_48_07_306.jpg,-0.04716982,1,0,28.46818
IMG/center_2021_03_21_13_48_07_377.jpg,IMG/left_2021_03_21_13_48_07_377.jpg,IMG/right_2021_03_21_13_48_07_377.jpg,-0.04716982,1,0,29.20699
IMG/center_2021_03_21_13_48_07_448.jpg,IMG/left_2021_03_21_13_48_07_448.jpg,IMG/right_2021_03_21_13_48_07_448.jpg,-0.04716982,1,0,29.75752
IMG/center_2021_03_21_13_48_07_519.jpg,IMG/left_2021_03_21_13_48_07_519.jpg,IMG/right_2021_03_21_13_48_07_519.jpg,-0.04716982,1,0,30.19065
IMG/center_2021_03_21_13_48_07_601.jpg,IMG/left_2021_03_21_13_48_07_601.jpg,IMG/right_2021_03_21_13_48_07_601.jpg,-0.04716982,1,0,30.19027
IMG/center_2021_03_21_13_48_07_671.jpg,IMG/left_2021_03_21_13_48_07_671.jpg,IMG/right_2021_03_21_13_48_07_671.jpg,-0.04716982,1,0,30.19027
IMG/center_2021_03_21_13_48_07_743.jpg,IMG/left_2021_03_21_13_48_07_743.jpg,IMG/right_2021_03_21_13_48_07_743.jpg,-0.04716982,1,0,30.19026
IMG/center_2021_03_21_13_48_07_814.jpg,IMG/left_2021_03_21_13_48_07_814.jpg,IMG/right_2021_03_21_13_48_07_814.jpg,-0.04716982,1,0,30.19025
IMG/center_2021_03_21_13_48_07_885.jpg,IMG/left_2021_03_21_13_48_07_885.jpg,IMG/right_2021_03_21_13_48_07_885.jpg,-0.09433963,1,0,30.18914
IMG/center_2021_03_21_13_48_07_957.jpg,IMG/left_2021_03_21_13_48_07_957.jpg,IMG/right_2021_03_21_13_48_07_957.jpg,-0.1792453,1,0,30.18521
IMG/center_2021_03_21_13_48_08_027.jpg,IMG/left_2021_03_21_13_48_08_027.jpg,IMG/right_2021_03_21_13_48_08_027.jpg,-0.2358491,1,0,30.18186
IMG/center_2021_03_21_13_48_08_098.jpg,IMG/left_2021_03_21_13_48_08_098.jpg,IMG/right_2021_03_21_13_48_08_098.jpg,-0.2358491,1,0,30.18542
IMG/center_2021_03_21_13_48_08_170.jpg,IMG/left_2021_03_21_13_48_08_170.jpg,IMG/right_2021_03_21_13_48_08_170.jpg,-0.2358491,1,0,30.18719
IMG/center_2021_03_21_13_48_08_239.jpg,IMG/left_2021_03_21_13_48_08_239.jpg,IMG/right_2021_03_21_13_48_08_239.jpg,-0.2358491,1,0,30.1879
IMG/center_2021_03_21_13_48_08_310.jpg,IMG/left_2021_03_21_13_48_08_310.jpg,IMG/right_2021_03_21_13_48_08_310.jpg,-0.1792453,1,0,30.19094
IMG/center_2021_03_21_13_48_08_380.jpg,IMG/left_2021_03_21_13_48_08_380.jpg,IMG/right_2021_03_21_13_48_08_380.jpg,-0.1415094,1,0,30.19146
IMG/center_2021_03_21_13_48_08_452.jpg,IMG/left_2021_03_21_13_48_08_452.jpg,IMG/right_2021_03_21_13_48_08_452.jpg,-0.1415094,1,0,30.19094
IMG/center_2021_03_21_13_48_08_524.jpg,IMG/left_2021_03_21_13_48_08_524.jpg,IMG/right_2021_03_21_13_48_08_524.jpg,-0.1415094,1,0,30.19061
IMG/center_2021_03_21_13_48_08_605.jpg,IMG/left_2021_03_21_13_48_08_605.jpg,IMG/right_2021_03_21_13_48_08_605.jpg,-0.1415094,1,0,30.19031
IMG/center_2021_03_21_13_48_08_676.jpg,IMG/left_2021_03_21_13_48_08_676.jpg,IMG/right_2021_03_21_13_48_08_676.jpg,-0.04716982,1,0,30.19154
IMG/center_2021_03_21_13_48_08_747.jpg,IMG/left_2021_03_21_13_48_08_747.jpg,IMG/right_2021_03_21_13_48_08_747.jpg,0.02830189,1,0,30.18845
IMG/center_2021_03_21_13_48_08_818.jpg,IMG/left_2021_03_21_13_48_08_818.jpg,IMG/right_2021_03_21_13_48_08_818.jpg,0.02830189,1,0,30.1897
IMG/center_2021_03_21_13_48_08_889.jpg,IMG/left_2021_03_21_13_48_08_889.jpg,IMG/right_2021_03_21_13_48_08_889.jpg,0.02830189,1,0,30.19034
IMG/center_2021_03_21_13_48_08_959.jpg,IMG/left_2021_03_21_13_48_08_959.jpg,IMG/right_2021_03_21_13_48_08_959.jpg,0.03773585,1,0,30.19005
IMG/center_2021_03_21_13_48_09_032.jpg,IMG/left_2021_03_21_13_48_09_032.jpg,IMG/right_2021_03_21_13_48_09_032.jpg,0.03773585,1,0,30.19011
IMG/center_2021_03_21_13_48_09_101.jpg,IMG/left_2021_03_21_13_48_09_101.jpg,IMG/right_2021_03_21_13_48_09_101.jpg,0.03773585,1,0,30.19016
IMG/center_2021_03_21_13_48_09_172.jpg,IMG/left_2021_03_21_13_48_09_172.jpg,IMG/right_2021_03_21_13_48_09_172.jpg,0.03773585,1,0,30.1902
IMG/center_2021_03_21_13_48_09_243.jpg,IMG/left_2021_03_21_13_48_09_243.jpg,IMG/right_2021_03_21_13_48_09_243.jpg,0.03773585,1,0,30.19023
IMG/center_2021_03_21_13_48_09_315.jpg,IMG/left_2021_03_21_13_48_09_315.jpg,IMG/right_2021_03_21_13_48_09_315.jpg,0.03773585,1,0,30.19023
IMG/center_2021_03_21_13_48_09_386.jpg,IMG/left_2021_03_21_13_48_09_386.jpg,IMG/right_2021_03_21_13_48_09_386.jpg,0,1,0,30.19028
IMG/center_2021_03_21_13_48_09_457.jpg,IMG/left_2021_03_21_13_48_09_457.jpg,IMG/right_2021_03_21_13_48_09_457.jpg,-0.1320755,1,0,30.18415
IMG/center_2021_03_21_13_48_09_530.jpg,IMG/left_2021_03_21_13_48_09_530.jpg,IMG/right_2021_03_21_13_48_09_530.jpg,-0.1698113,1,0,30.18492
IMG/center_2021_03_21_13_48_09_600.jpg,IMG/left_2021_03_21_13_48_09_600.jpg,IMG/right_2021_03_21_13_48_09_600.jpg,-0.1698113,1,0,30.18691
IMG/center_2021_03_21_13_48_09_670.jpg,IMG/left_2021_03_21_13_48_09_670.jpg,IMG/right_2021_03_21_13_48_09_670.jpg,-0.1698113,1,0,30.18819
IMG/center_2021_03_21_13_48_09_742.jpg,IMG/left_2021_03_21_13_48_09_742.jpg,IMG/right_2021_03_21_13_48_09_742.jpg,-0.1698113,1,0,30.18879
IMG/center_2021_03_21_13_48_09_812.jpg,IMG/left_2021_03_21_13_48_09_812.jpg,IMG/right_2021_03_21_13_48_09_812.jpg,-0.1698113,1,0,30.18914
IMG/center_2021_03_21_13_48_09_884.jpg,IMG/left_2021_03_21_13_48_09_884.jpg,IMG/right_2021_03_21_13_48_09_884.jpg,-0.1698113,1,0,30.18935
IMG/center_2021_03_21_13_48_09_955.jpg,IMG/left_2021_03_21_13_48_09_955.jpg,IMG/right_2021_03_21_13_48_09_955.jpg,-0.1698113,1,0,30.18951
IMG/center_2021_03_21_13_48_10_025.jpg,IMG/left_2021_03_21_13_48_10_025.jpg,IMG/right_2021_03_21_13_48_10_025.jpg,-0.1698113,1,0,30.18957
IMG/center_2021_03_21_13_48_10_096.jpg,IMG/left_2021_03_21_13_48_10_096.jpg,IMG/right_2021_03_21_13_48_10_096.jpg,-0.1698113,1,0,30.18968
IMG/center_2021_03_21_13_48_10_167.jpg,IMG/left_2021_03_21_13_48_10_167.jpg,IMG/right_2021_03_21_13_48_10_167.jpg,0,0.8121445,0,30.1527
IMG/center_2021_03_21_13_48_10_266.jpg,IMG/left_2021_03_21_13_48_10_266.jpg,IMG/right_2021_03_21_13_48_10_266.jpg,0,0.575998,0,29.50958
IMG/center_2021_03_21_13_48_19_630.jpg,IMG/left_2021_03_21_13_48_19_630.jpg,IMG/right_2021_03_21_13_48_19_630.jpg,-0.5,0.3618651,0,8.990417
IMG/center_2021_03_21_13_48_19_702.jpg,IMG/left_2021_03_21_13_48_19_702.jpg,IMG/right_2021_03_21_13_48_19_702.jpg,-0.5,0.5735031,0,9.380401
IMG/center_2021_03_21_13_48_19_775.jpg,IMG/left_2021_03_21_13_48_19_775.jpg,IMG/right_2021_03_21_13_48_19_775.jpg,-0.3679245,0.8210481,0,9.993155
IMG/center_2021_03_21_13_48_19_844.jpg,IMG/left_2021_03_21_13_48_19_844.jpg,IMG/right_2021_03_21_13_48_19_844.jpg,-0.254717,1,0,10.6076
IMG/center_2021_03_21_13_48_19_917.jpg,IMG/left_2021_03_21_13_48_19_917.jpg,IMG/right_2021_03_21_13_48_19_917.jpg,-0.254717,1,0,11.59299
IMG/center_2021_03_21_13_48_19_988.jpg,IMG/left_2021_03_21_13_48_19_988.jpg,IMG/right_2021_03_21_13_48_19_988.jpg,-0.254717,1,0,11.91573
IMG/center_2021_03_21_13_48_20_059.jpg,IMG/left_2021_03_21_13_48_20_059.jpg,IMG/right_2021_03_21_13_48_20_059.jpg,-0.254717,1,0,12.99222
IMG/center_2021_03_21_13_48_20_128.jpg,IMG/left_2021_03_21_13_48_20_128.jpg,IMG/right_2021_03_21_13_48_20_128.jpg,-0.254717,1,0,13.74151
IMG/center_2021_03_21_13_48_20_201.jpg,IMG/left_2021_03_21_13_48_20_201.jpg,IMG/right_2021_03_21_13_48_20_201.jpg,-0.254717,1,0,14.50735
IMG/center_2021_03_21_13_48_20_271.jpg,IMG/left_2021_03_21_13_48_20_271.jpg,IMG/right_2021_03_21_13_48_20_271.jpg,-0.254717,1,0,15.20559
IMG/center_2021_03_21_13_48_20_341.jpg,IMG/left_2021_03_21_13_48_20_341.jpg,IMG/right_2021_03_21_13_48_20_341.jpg,-0.254717,1,0,16.06584
IMG/center_2021_03_21_13_48_20_457.jpg,IMG/left_2021_03_21_13_48_20_457.jpg,IMG/right_2021_03_21_13_48_20_457.jpg,-0.254717,1,0,16.75847
IMG/center_2021_03_21_13_48_24_411.jpg,IMG/left_2021_03_21_13_48_24_411.jpg,IMG/right_2021_03_21_13_48_24_411.jpg,-0.6698113,0.3032622,0,9.719937
IMG/center_2021_03_21_13_48_24_482.jpg,IMG/left_2021_03_21_13_48_24_482.jpg,IMG/right_2021_03_21_13_48_24_482.jpg,-0.6698113,0.1222464,0,9.814116
IMG/center_2021_03_21_13_48_24_563.jpg,IMG/left_2021_03_21_13_48_24_563.jpg,IMG/right_2021_03_21_13_48_24_563.jpg,-0.6698113,0,0,9.762061
IMG/center_2021_03_21_13_48_24_634.jpg,IMG/left_2021_03_21_13_48_24_634.jpg,IMG/right_2021_03_21_13_48_24_634.jpg,-0.6698113,0,0,9.684833
IMG/center_2021_03_21_13_48_24_704.jpg,IMG/left_2021_03_21_13_48_24_704.jpg,IMG/right_2021_03_21_13_48_24_704.jpg,-0.6698113,0,0,9.62705
IMG/center_2021_03_21_13_48_24_776.jpg,IMG/left_2021_03_21_13_48_24_776.jpg,IMG/right_2021_03_21_13_48_24_776.jpg,-0.6698113,0,0,9.550712
IMG/center_2021_03_21_13_48_24_845.jpg,IMG/left_2021_03_21_13_48_24_845.jpg,IMG/right_2021_03_21_13_48_24_845.jpg,-0.6698113,0,0,9.494102
IMG/center_2021_03_21_13_48_24_917.jpg,IMG/left_2021_03_21_13_48_24_917.jpg,IMG/right_2021_03_21_13_48_24_917.jpg,-0.3396226,0,0,9.425499
IMG/center_2021_03_21_13_48_24_987.jpg,IMG/left_2021_03_21_13_48_24_987.jpg,IMG/right_2021_03_21_13_48_24_987.jpg,0.5188679,0,0,9.170256
IMG/center_2021_03_21_13_48_25_102.jpg,IMG/left_2021_03_21_13_48_25_102.jpg,IMG/right_2021_03_21_13_48_25_102.jpg,0.5188679,0,0,8.885236
IMG/center_2021_03_21_13_48_30_734.jpg,IMG/left_2021_03_21_13_48_30_734.jpg,IMG/right_2021_03_21_13_48_30_734.jpg,0.5,0,0,7.972989
IMG/center_2021_03_21_13_48_30_804.jpg,IMG/left_2021_03_21_13_48_30_804.jpg,IMG/right_2021_03_21_13_48_30_804.jpg,0.509434,0,0,7.92284
IMG/center_2021_03_21_13_48_30_875.jpg,IMG/left_2021_03_21_13_48_30_875.jpg,IMG/right_2021_03_21_13_48_30_875.jpg,0.509434,0.0889674,0,7.879404
IMG/center_2021_03_21_13_48_30_945.jpg,IMG/left_2021_03_21_13_48_30_945.jpg,IMG/right_2021_03_21_13_48_30_945.jpg,0.509434,0.2711685,0,7.971782
IMG/center_2021_03_21_13_48_31_015.jpg,IMG/left_2021_03_21_13_48_31_015.jpg,IMG/right_2021_03_21_13_48_31_015.jpg,0.509434,0.5126764,0,8.298285
IMG/center_2021_03_21_13_48_31_087.jpg,IMG/left_2021_03_21_13_48_31_087.jpg,IMG/right_2021_03_21_13_48_31_087.jpg,0.509434,0.6998509,0,8.694485
IMG/center_2021_03_21_13_48_31_157.jpg,IMG/left_2021_03_21_13_48_31_157.jpg,IMG/right_2021_03_21_13_48_31_157.jpg,0.509434,0.9369506,0,9.419333
IMG/center_2021_03_21_13_48_31_228.jpg,IMG/left_2021_03_21_13_48_31_228.jpg,IMG/right_2021_03_21_13_48_31_228.jpg,0.509434,1,0,10.07769
IMG/center_2021_03_21_13_48_31_299.jpg,IMG/left_2021_03_21_13_48_31_299.jpg,IMG/right_2021_03_21_13_48_31_299.jpg,0.509434,1,0,10.95756
IMG/center_2021_03_21_13_48_31_369.jpg,IMG/left_2021_03_21_13_48_31_369.jpg,IMG/right_2021_03_21_13_48_31_369.jpg,0.509434,1,0,11.7109
IMG/center_2021_03_21_13_48_31_441.jpg,IMG/left_2021_03_21_13_48_31_441.jpg,IMG/right_2021_03_21_13_48_31_441.jpg,0.509434,1,0,12.54729
IMG/center_2021_03_21_13_48_31_511.jpg,IMG/left_2021_03_21_13_48_31_511.jpg,IMG/right_2021_03_21_13_48_31_511.jpg,0.509434,1,0,13.05574
IMG/center_2021_03_21_13_48_31_582.jpg,IMG/left_2021_03_21_13_48_31_582.jpg,IMG/right_2021_03_21_13_48_31_582.jpg,0.509434,1,0,13.76584
IMG/center_2021_03_21_13_48_31_715.jpg,IMG/left_2021_03_21_13_48_31_715.jpg,IMG/right_2021_03_21_13_48_31_715.jpg,0.509434,0.8509141,0,14.59506
IMG/center_2021_03_21_13_48_34_556.jpg,IMG/left_2021_03_21_13_48_34_556.jpg,IMG/right_2021_03_21_13_48_34_556.jpg,-0.3018868,1,0,19.78776
IMG/center_2021_03_21_13_48_34_627.jpg,IMG/left_2021_03_21_13_48_34_627.jpg,IMG/right_2021_03_21_13_48_34_627.jpg,-0.3018868,1,0,20.28693
IMG/center_2021_03_21_13_48_34_697.jpg,IMG/left_2021_03_21_13_48_34_697.jpg,IMG/right_2021_03_21_13_48_34_697.jpg,-0.3018868,1,0,21.1025
IMG/center_2021_03_21_13_48_34_767.jpg,IMG/left_2021_03_21_13_48_34_767.jpg,IMG/right_2021_03_21_13_48_34_767.jpg,-0.3018868,1,0,21.7603
IMG/center_2021_03_21_13_48_34_839.jpg,IMG/left_2021_03_21_13_48_34_839.jpg,IMG/right_2021_03_21_13_48_34_839.jpg,-0.3018868,1,0,22.54025
IMG/center_2021_03_21_13_48_34_909.jpg,IMG/left_2021_03_21_13_48_34_909.jpg,IMG/right_2021_03_21_13_48_34_909.jpg,-0.3018868,1,0,23.10336
IMG/center_2021_03_21_13_48_34_980.jpg,IMG/left_2021_03_21_13_48_34_980.jpg,IMG/right_2021_03_21_13_48_34_980.jpg,-0.3018868,1,0,23.88628
IMG/center_2021_03_21_13_48_35_051.jpg,IMG/left_2021_03_21_13_48_35_051.jpg,IMG/right_2021_03_21_13_48_35_051.jpg,-0.3018868,1,0,24.47227
IMG/center_2021_03_21_13_48_35_123.jpg,IMG/left_2021_03_21_13_48_35_123.jpg,IMG/right_2021_03_21_13_48_35_123.jpg,-0.3018868,0.9636811,0,25.23616
IMG/center_2021_03_21_13_48_35_233.jpg,IMG/left_2021_03_21_13_48_35_233.jpg,IMG/right_2021_03_21_13_48_35_233.jpg,-0.3018868,0.7202794,0,25.48748
IMG/center_2021_03_21_13_48_36_954.jpg,IMG/left_2021_03_21_13_48_36_954.jpg,IMG/right_2021_03_21_13_48_36_954.jpg,0.009433962,1,0,8.172108
IMG/center_2021_03_21_13_48_37_024.jpg,IMG/left_2021_03_21_13_48_37_024.jpg,IMG/right_2021_03_21_13_48_37_024.jpg,0,1,0,8.848581
IMG/center_2021_03_21_13_48_37_095.jpg,IMG/left_2021_03_21_13_48_37_095.jpg,IMG/right_2021_03_21_13_48_37_095.jpg,-0.1037736,1,0,9.739921
IMG/center_2021_03_21_13_48_37_165.jpg,IMG/left_2021_03_21_13_48_37_165.jpg,IMG/right_2021_03_21_13_48_37_165.jpg,-0.1226415,1,0,10.40479
IMG/center_2021_03_21_13_48_37_236.jpg,IMG/left_2021_03_21_13_48_37_236.jpg,IMG/right_2021_03_21_13_48_37_236.jpg,-0.1226415,1,0,11.28658
IMG/center_2021_03_21_13_48_37_306.jpg,IMG/left_2021_03_21_13_48_37_306.jpg,IMG/right_2021_03_21_13_48_37_306.jpg,-0.1603774,1,0,12.07095
IMG/center_2021_03_21_13_48_37_378.jpg,IMG/left_2021_03_21_13_48_37_378.jpg,IMG/right_2021_03_21_13_48_37_378.jpg,-0.1603774,1,0,12.78669
IMG/center_2021_03_21_13_48_37_447.jpg,IMG/left_2021_03_21_13_48_37_447.jpg,IMG/right_2021_03_21_13_48_37_447.jpg,-0.1603774,1,0,13.40161
IMG/center_2021_03_21_13_48_37_518.jpg,IMG/left_2021_03_21_13_48_37_518.jpg,IMG/right_2021_03_21_13_48_37_518.jpg,-0.1603774,1,0,14.21207
IMG/center_2021_03_21_13_48_37_638.jpg,IMG/left_2021_03_21_13_48_37_638.jpg,IMG/right_2021_03_21_13_48_37_638.jpg,-0.1603774,1,0,15.14916
IMG/center_2021_03_21_13_48_41_117.jpg,IMG/left_2021_03_21_13_48_41_117.jpg,IMG/right_2021_03_21_13_48_41_117.jpg,-0.3867925,1,0,16.44818
IMG/center_2021_03_21_13_48_41_186.jpg,IMG/left_2021_03_21_13_48_41_186.jpg,IMG/right_2021_03_21_13_48_41_186.jpg,-0.3867925,1,0,17.27851
IMG/center_2021_03_21_13_48_41_258.jpg,IMG/left_2021_03_21_13_48_41_258.jpg,IMG/right_2021_03_21_13_48_41_258.jpg,-0.3867925,1,0,18.09588
IMG/center_2021_03_21_13_48_41_328.jpg,IMG/left_2021_03_21_13_48_41_328.jpg,IMG/right_2021_03_21_13_48_41_328.jpg,-0.3867925,1,0,18.54419
IMG/center_2021_03_21_13_48_41_400.jpg,IMG/left_2021_03_21_13_48_41_400.jpg,IMG/right_2021_03_21_13_48_41_400.jpg,-0.3867925,0.9047557,0,19.35989
IMG/center_2021_03_21_13_48_41_508.jpg,IMG/left_2021_03_21_13_48_41_508.jpg,IMG/right_2021_03_21_13_48_41_508.jpg,-0.3867925,0.6652405,0,19.90268
IMG/center_2021_03_21_13_48_43_941.jpg,IMG/left_2021_03_21_13_48_43_941.jpg,IMG/right_2021_03_21_13_48_43_941.jpg,0.3584906,1,0,20.03345
IMG/center_2021_03_21_13_48_44_009.jpg,IMG/left_2021_03_21_13_48_44_009.jpg,IMG/right_2021_03_21_13_48_44_009.jpg,0.3584906,1,0,20.53642
IMG/center_2021_03_21_13_48_44_081.jpg,IMG/left_2021_03_21_13_48_44_081.jpg,IMG/right_2021_03_21_13_48_44_081.jpg,0.3584906,1,0,21.34584
IMG/center_2021_03_21_13_48_44_151.jpg,IMG/left_2021_03_21_13_48_44_151.jpg,IMG/right_2021_03_21_13_48_44_151.jpg,0.3584906,0.8801566,0,22.10753
IMG/center_2021_03_21_13_48_44_222.jpg,IMG/left_2021_03_21_13_48_44_222.jpg,IMG/right_2021_03_21_13_48_44_222.jpg,0.3584906,0.7000864,0,22.58935
IMG/center_2021_03_21_13_48_44_293.jpg,IMG/left_2021_03_21_13_48_44_293.jpg,IMG/right_2021_03_21_13_48_44_293.jpg,0.3584906,0.4581397,0,22.96666
IMG/center_2021_03_21_13_48_44_363.jpg,IMG/left_2021_03_21_13_48_44_363.jpg,IMG/right_2021_03_21_13_48_44_363.jpg,0.2358491,0.2753628,0,23.05482
IMG/center_2021_03_21_13_48_44_485.jpg,IMG/left_2021_03_21_13_48_44_485.jpg,IMG/right_2021_03_21_13_48_44_485.jpg,-0.8962264,0,0,22.53867
IMG/center_2021_03_21_13_48_46_800.jpg,IMG/left_2021_03_21_13_48_46_800.jpg,IMG/right_2021_03_21_13_48_46_800.jpg,0.03773585,1,0,14.48826
IMG/center_2021_03_21_13_48_46_870.jpg,IMG/left_2021_03_21_13_48_46_870.jpg,IMG/right_2021_03_21_13_48_46_870.jpg,0.03773585,1,0,15.2658
IMG/center_2021_03_21_13_48_46_941.jpg,IMG/left_2021_03_21_13_48_46_941.jpg,IMG/right_2021_03_21_13_48_46_941.jpg,0.009433962,1,0,16.1288
IMG/center_2021_03_21_13_48_47_012.jpg,IMG/left_2021_03_21_13_48_47_012.jpg,IMG/right_2021_03_21_13_48_47_012.jpg,-0.3962264,1,0,16.88317
IMG/center_2021_03_21_13_48_47_082.jpg,IMG/left_2021_03_21_13_48_47_082.jpg,IMG/right_2021_03_21_13_48_47_082.jpg,-0.5188679,1,0,17.29308
IMG/center_2021_03_21_13_48_47_163.jpg,IMG/left_2021_03_21_13_48_47_163.jpg,IMG/right_2021_03_21_13_48_47_163.jpg,-0.6037736,1,0,17.99068
IMG/center_2021_03_21_13_48_47_234.jpg,IMG/left_2021_03_21_13_48_47_234.jpg,IMG/right_2021_03_21_13_48_47_234.jpg,-0.6037736,1,0,18.76153
IMG/center_2021_03_21_13_48_47_305.jpg,IMG/left_2021_03_21_13_48_47_305.jpg,IMG/right_2021_03_21_13_48_47_305.jpg,-0.6037736,1,0,19.48528
IMG/center_2021_03_21_13_48_47_376.jpg,IMG/left_2021_03_21_13_48_47_376.jpg,IMG/right_2021_03_21_13_48_47_376.jpg,-0.6037736,1,0,20.26007
IMG/center_2021_03_21_13_48_47_446.jpg,IMG/left_2021_03_21_13_48_47_446.jpg,IMG/right_2021_03_21_13_48_47_446.jpg,-0.6037736,1,0,20.76038
IMG/center_2021_03_21_13_48_47_554.jpg,IMG/left_2021_03_21_13_48_47_554.jpg,IMG/right_2021_03_21_13_48_47_554.jpg,-0.5943396,1,0,21.39999
